gene	mRNA_sequence	binding	MFE
ECP_0027	AUUGAAGUGCUGGAAAUCGAUCCGGCACUGGAGGCGUAACAUGCAGAUCCUGUUGGCCAACCCGCGUGGUUUUUGUGCCGGGGUAGACCGCG	.....(((((((((......)))))))))((.(((.(((((.........))))))))...)).((((((((.(.(....).).))))))))	-30.60
ECP_0097	AUUACGGCCUCAGGCGACAGGCACAAAUCGGAGAGAAACUAUGUUUGAACCAAUGGAACUUACCAAUGACGCGGUGAUUAAAGUCAUCGGCG	......((((........)))).....(((((.(.......).)))))..((.(((......))).)).(((((((((....)))))).)))	-17.70
ECP_0179	AUUAAUUCAUUUCAAUCGUUGACAGUCUCAGGAAAGAAACAUGGCUACCAAUGCAAAACCCGUCUAUAAACGCAUUCUGCUUAAGUUGAGUG	................(((((..((((...............))))..))))).......(((......)))(((((.((....)).)))))	-9.40
ECP_0535	UUUUUCAAAAAAUUCGACACAUUUUAAGGGGAUUUUCGCAAUGCGUAUCAUUCUGCUUGGCGCUCCGGGCGCGGGGAAAGGGACUCAGGCUC	........(((((((..............))))))).((..((.((.((.((((.(...(((((...)))))).)))).)).)).)).))..	-16.90
ECP_1086	AACCAUCGCGAAAGCGAGUUUUGAUAGGAAAUUUAAGAGUAUGAGCACUAUCGAAGAACGCGUUAAGAAAAUUAUCGGCGAACAGCUGGGCG	......(((....(((..(((((((((....................)))))))))..))).............(((((.....))))))))	-17.60
ECP_2607	CCCCCGAGAUAUCAGUUUACCCAGGAUAAGAGAUUAAAUUAUGAGCAACAUUAUUAAGCAACUUGAACAAGAGCAGAUGAAGCAGGACGUAC	..((.(...((((.((((.....(..((((...((((...(((.....)))..))))....))))..)..)))).))))...).))......	-4.70
ECP_2656	CAGAGAGACCCGACUCUUUUAAUCUUUCAAGGAGCAAAGAAUGCUGAUUCUGACUCGUCGAGUUGGUGAGACCCUCAUGAUUGGGGAUGAGG	.((((((......))))))..(((.(((.(.(((...(((((....)))))..))).).)))..))).....((((((........))))))	-20.80
ECP_3157	CCCAACACCAACCUCAUGAAAUAAGUGUGGAUACCGUCUUAUGGAGCAAAACCCGCAGUCACAGCUGAAACUUCUUGUCACCCGUGGUAAGG	.(((.(((................))))))...((...((((((.((((......((((....)))).......))))...))))))...))	-13.80
ECP_3394	CUGGUAAUUGUCACCAAUUGAAUCACGGGAGUAAAGACAGAUGAGCAUGCAAGAUCCGAUCGCGGAUAUGCUGACCCGUAUCCGUAACGGUC	.((((.......))))........(((((............(.(((((.....(((((....)))))))))).))))))..(((...)))..	-18.60
ECP_3905	CCCCUGAGUGGUUAAGCUCGCAUUUCCCAGGGAGUUACGCUUGUUAACUCCCAGUCAAUUCACAUUCGUCUUCCAGCAGCCACAACGGGCUG	....(((((......))))).........(((((((((....).))))))))........................(((((......)))))	-22.50
ECP_3906	CCGUCCCGCCCGGACCAUUUGAUACCAGAGAACACUAACGAUGGAUUCGCAACGCAAUCUUUUAGUCAUCGCUUUGCUGUUCGUGUCUUUCA	..((((.....)))).....(((((....(((((.((((((((((((((...)).)))).......)))))..))).)))))))))).....	-16.70
ECP_3909	UCCUCAAUAACAAAAAUAGCCUUCCUCUAAAGGUGGCAUCAUGACUGAUCAAUCAGAAAAAAAACACUCUGCAUUUUGGGGUGUUAUGGUUA	..................(((..(((....))).)))((((((((...((((.((((..........))))....))))...))))))))..	-16.90
ECP_4195	GUUCGCCUGGUAUCCUUUAUCACUGGCCUGAGGUUCUGAGAUGUCUGAAGCUCCUAAAAAGCGCUGGUACGUCGUUCAGGCGUUUUCCGGUU	....((((((((.....)))))..)))..(((.(((.((....)).))).))).........(((((.(((((.....)))))...))))).	-25.40
ECP_4268	AAGUUUCGACCCAUUCUUUAUCUCGGUAACUCCAUUCACUAUGGCAGGAAAUAAACCCUUCAACAAACAGCAGGCUGAACCCCGCGAACGCG	.((((((((.............)))).))))((((.....)))).(((........)))..........((.((......)).)).......	-9.20
