locus_tag,gene_name,mRNA_sequence,binding,MFE,log2FC,significant
ECP_0027,ispH,UCAUUUUGAUAUUGAAGUGCUGGAAAUCGAUCCGGCACUGGAGGCGUAACAUGCAGAUCCUGUUGGCCAACCCGCGUGGUUUUUGUGCCGGGGUAGACCGC,...............(((((((((......)))))))))(((.((((...))))...)))...(((.(.((((...((((......)))))))).).))).,-29.7,-0.2864,FALSE
ECP_0097,ftsZ,GCCGACGAUGAUUACGGCCUCAGGCGACAGGCACAAAUCGGAGAGAAACUAUGUUUGAACCAAUGGAACUUACCAAUGACGCGGUGAUUAAAGUCAUCGGC,(((((.(((((((((.((.(((((...((((((....((.....)).....))))))..))..(((......))).))).)).))))))...))).))))),-24.6,-0.8416,FALSE
ECP_0179,pyrH,UGUCGCUAGUAUUAAUUCAUUUCAAUCGUUGACAGUCUCAGGAAAGAAACAUGGCUACCAAUGCAAAACCCGUCUAUAAACGCAUUCUGCUUAAGUUGAGU,.((.((((((.....(((.((((.....((((.....))))))))))))).)))).))(((((((.((..(((......)))..)).)))....))))...,-8.8,-2.2988,TRUE
ECP_1086,acpP,ACACUACGAAAACCAUCGCGAAAGCGAGUUUUGAUAGGAAAUUUAAGAGUAUGAGCACUAUCGAAGAACGCGUUAAGAAAAUUAUCGGCGAACAGCUGGGC,......(((......))).....(((..(((((((((....................)))))))))..))).............(((((.....)))))..,-17.5,-2.2558,TRUE
ECP_2607,rplS,AUGGCGUAAGCCCCCGAGAUAUCAGUUUACCCAGGAUAAGAGAUUAAAUUAUGAGCAACAUUAUUAAGCAACUUGAACAAGAGCAGAUGAAGCAGGACGUA,.(((.((((((.............)))))))))...............((((..((.......(((((...)))))......))..))))...........,-9.4,-0.994,FALSE
ECP_2656,csrA,UGCCGGGAUACAGAGAGACCCGACUCUUUUAAUCUUUCAAGGAGCAAAGAAUGCUGAUUCUGACUCGUCGAGUUGGUGAGACCCUCAUGAUUGGGGAUGAG,.((((((((..((((((......))))))..))))(((.(.(((...(((((....)))))..))).).))).)))).....(((((....))))).....,-22.7,-0.8537,FALSE
ECP_3157,rpoD,GGGUCAAUCGCCCAACACCAACCUCAUGAAAUAAGUGUGGAUACCGUCUUAUGGAGCAAAACCCGCAGUCACAGCUGAAACUUCUUGUCACCCGUGGUAAG,((((.....))))........((.(((.......))).)).((((.....((((.((((......((((....)))).......))))...))))))))..,-17.3,-3.0272,TRUE
ECP_3394,rpsH,AAAAGGCUAGCUGGUAAUUGUCACCAAUUGAAUCACGGGAGUAAAGACAGAUGAGCAUGCAAGAUCCGAUCGCGGAUAUGCUGACCCGUAUCCGUAACGGU,.....((..(((.((..(((((.......................))))))).)))..)).....(((...(((((((((......)))))))))..))).,-23.2,0.036583,FALSE
ECP_3906,yidC,GGUGACGAUCCCGUCCCGCCCGGACCAUUUGAUACCAGAGAACACUAACGAUGGAUUCGCAACGCAAUCUUUUAGUCAUCGCUUUGCUGUUCGUGUCUUUC,((((.(((....((((.....))))...))).))))(((((.(((.((((........((((.((...............)).)))))))).)))))))).,-20,-1.7978,TRUE
ECP_4195,nusG,UGGUAUUCUGGUUCGCCUGGUAUCCUUUAUCACUGGCCUGAGGUUCUGAGAUGUCUGAAGCUCCUAAAAAGCGCUGGUACGUCGUUCAGGCGUUUUCCGGU,.......((((..(((((((...........(((((((((((.(((.((....)).))).)))......)).)))))).......)))))))....)))).,-26.9,-0.7766,FALSE
ECP_4268,dnaB,UCAUAUGGUAAAGUUUCGACCCAUUCUUUAUCUCGGUAACUCCAUUCACUAUGGCAGGAAAUAAACCCUUCAACAAACAGCAGGCUGAACCCCGCGAACGC,......(((((((............))))))).......((((((.....)))).))......................((.((......)).))......,-11.1,-1.3134,TRUE
